2957	4
4561	4
1767	8
6751	3
1239	3
1326	4
3852	9
2181	9
2357	7
4066	7	2
5366	4	6
4181	5	6
3145	2
3876	7
5612	9
16	4
8038	5
9026	5	3
9406	5
7953	5	6
1008	7
3233	6
9488	9
3550	2
988	5
4436	4
3605	4
9981	4
6071	2
5910	4
9994	6
454	8
2936	8
7064	9
1508	7
5819	8
8384	7
9519	5	7
5815	3
4719	3
2109	8
7995	2
1913	3
8251	2
8785	8
8248	8
589	2
8741	2
3908	6
7386	6
195	4
2370	8	3
4407	7
312	3
4328	5
7340	7
618	3
7993	6
2219	9
3573	3
4737	4
8144	7
4254	2
3830	2	9
2840	5
3869	6
5791	7
1600	8	2
351	3
2414	7
6389	5
7338	9
9426	3
8726	8
7442	4
2054	8
400	8	7
151	2	6
8524	8
4811	8
5709	2
5455	2
1668	2
8120	9
9388	7
3554	5	9	7
3300	4
7159	3
3077	6
4341	2
564	9
3023	8
7707	6
1418	8
5882	5
1400	8
3382	9	7
1581	9
2334	3
3562	8
9888	7
9722	5
2232	7
6120	2	5	4
7115	7	4	2
8844	3	5
603	4
9900	8
9819	4
8319	7
2562	7
421	2
7051	5
1969	6	9	4
3213	5
7322	3	7
4533	2
4398	4	6
6295	4
1128	6
5828	6
5590	4
446	6
3636	2	3
6245	6
7549	2
8114	8
1325	3
2598	5
7816	7	8
7459	7
7861	3
3463	3
8236	4
5799	5
7725	9
2569	8
886	2
2184	5
2474	2
4024	9
1319	9
5269	7
3756	4
3265	7
980	7
2398	6
2436	7	8
3970	3
3656	4	2	6
3101	5	7
5702	6
7341	9
7866	2
2007	5
7913	5	8	6
8449	3	5
2262	4
4964	2
2042	8	5
1136	5	6
8269	2	6
8676	9
3305	7
2659	2
6621	4
1883	8
9863	4
1646	8
1594	7
9156	7
5559	3
6041	5
4922	2
1637	4	7
9249	7
4915	4
1437	7
5946	9
4382	7
5447	3
9910	3
1150	4
2952	8
7033	4
8847	5
5399	6	4
6865	6
1612	8
4948	8
584	4
9887	9
9248	6
193	2
9507	7	2
8531	5	3	7
5334	7
2235	4
2068	2
9841	4
1253	7
3006	7	4
1220	8
6907	8
8255	9	2
3608	4	7
4788	9
6453	2
3266	7
6957	4
7117	3	5	8	7
8834	2
5753	8	9
9372	6
3261	5
8711	2	7
1193	4
2878	7
619	7
7356	6	3
6916	9	7
1238	5	6
323	8	9
7405	8
569	2
5038	6
6633	9
9315	7
6994	6	8
7754	9
5184	3
4690	6
4473	8
923	7
4772	2	4
1604	9	8
1147	7
2635	9
1138	4
8035	7
6281	3
1515	6	5
6595	7	9
1546	3
7506	6	7
2711	3
1110	3	8
1333	9
7327	8
4131	3
7876	2
8831	5
8340	8	9
741	3
3565	6	5
1132	4
5921	6
3258	8
6117	7
2662	4
6625	3
3137	9
377	7
3290	2
5793	8	7
777	7	2
757	4
7007	7	4
4112	2	5
7097	9
2442	4
8635	7
2168	5
459	5	7
4207	8	5
8387	2
8608	5
2988	4
1669	5	2
4609	2
3846	6
8861	5
7787	3
1952	4
583	6
6403	2
9089	6
521	4
3928	8
5654	9
5633	3
502	5
6227	7	8	4
4020	6
1725	2
1810	3
1463	2
6222	7
9495	6
8332	8
248	7
5706	3
8349	6
1188	4	5
1299	4	9
5064	7	3
8556	9	8
3973	9
6803	3	4
3683	5	7
4761	4
5795	6
3471	8	9
5907	5
554	6
8078	2	4
7998	2
5197	7
9536	2
7446	6	4
504	3
5803	5
3930	9
6780	3
3081	7
2964	7
9575	3
8638	3
8051	8
7085	3
4683	5
8005	4
9117	4	9
8249	3
4604	3
1534	5
8127	9
8736	7
5132	8
1172	7	9
4513	2
8368	9
8160	9	7
8268	6
1113	9
2541	5
9644	2	3
371	7
930	7
9881	3
9254	2
7544	7	3
9252	3
6294	7
5497	8
284	3	9
9396	9
3459	5
4580	4
5853	7	2
4179	9
5927	2
2892	4
9154	7
7400	3
3891	5	6
6121	3
5255	8
5522	2
3229	8	9
1006	2
9334	7
1500	4
7310	3
9243	8
2362	5
5725	6
6664	3
3412	7	9
2715	8
6890	6
6973	8
8968	4	6
2390	3
9835	8
6491	6	7
4808	7
8836	8	2	7
8615	5
4877	7
9038	7
8648	6
5272	7
2338	7
8894	4	8	7
21	4
5489	5
1162	8
7541	9	3
8837	8
1351	3
8345	3	5
7441	6
1211	3	4
9655	4	7
8288	9
3936	9	5
5200	9
3972	4
7317	5
4182	6
6026	6
1566	5	6
3493	8	2	5
5327	5
2303	3
2473	8
5253	8
9745	6	4	5	9
9709	9
7444	5
2750	8	2
9298	3	9
2278	4
1492	2
1891	9	4	5
3505	7	5
7021	5
5552	9
2876	6	3
2378	2
6109	9
5312	3	8
7952	9
1675	2
9704	9
486	3
9149	7
6419	5	8
8610	4
1179	8
8558	3	2
9474	7
7989	5
4866	3
7844	2
1539	4
7098	9
1907	3
7709	7
2033	3
344	7
7483	8
6489	5
2117	6
5981	7
9566	7	5
76	4	6
7648	2
8217	3
7947	5
7106	6
1285	3
3012	9
6484	5
6533	9
5196	2
7160	9	2
6867	9
489	8
9169	4
3932	7
5302	7
7081	3
5463	5	9
9077	7
6824	7
8337	7
3226	4	5	2
8480	3
768	5
4748	5
2095	4	6
3387	8
2856	9
6075	4	3
9996	9	6
2530	2
176	9
9600	6
6236	8
6926	3	4
6788	3
5680	8
3026	2
3251	8
2665	2	3
4129	7	6	8
9227	4	5
4702	5
4925	3	6
8155	4
5785	4
3054	3
643	9
6740	7	2
4460	2
1560	8
6422	6
3089	4
5501	3
1458	3	7
4504	7	6
7886	6
9494	3
8406	2
1393	2
8079	6
4448	8
3688	5	2	7
6320	2
8534	2
5090	6	8
9445	3
7239	7	2
7605	3
1003	5	6
2893	2	4
2461	9
4959	2
1591	3	6	9
9522	4
5683	7
9291	6
2310	5	9
1137	4	2
4954	5
1249	7
3581	6
4845	3
7584	3
773	5
7760	2	6
7864	3
6789	7
2959	3	8
6387	7	4
7209	5
4848	9
2888	2	6
2288	6
8686	9	2
948	6	4
2529	9
2872	6
973	3
640	4
924	8	4
880	7
7015	4
5810	4
4070	7
7358	6
9045	6
1039	8
7357	8
4688	6
3645	6
2029	6
877	8
7423	3	5
3997	2
7851	9
8649	7
6133	5
9920	7
6056	8
2448	6	5
7223	3
6132	6
4821	3
6479	6
4632	5
8603	5
181	7
5332	9
3732	6
162	9
4952	3
420	7	5
1234	5
1403	8
9218	4	7
8377	8
8561	8
5564	3
2842	7
3464	5
543	4
7652	7
7643	9	6	3
6191	4
7502	9
5353	8
5623	6
2693	7
8218	3
2519	6
8073	4
3974	6	9
9299	4	6
8469	7
3372	9
5535	5
7089	9
5757	9
9850	2
8081	6	2	8
8864	5
4028	7
8461	8
2211	6
9690	5
5148	7	3	6
1308	4
233	2
1781	2
9761	8
808	2
6188	7
2020	4
3508	3	5
1166	6
8949	4
908	9	2
6743	3
3991	4	7
1925	9
1294	6
9886	2
5486	4
5121	6
4890	4
4605	8
9140	7
3327	4	5
6553	4	8
7991	8
7293	9	5
3984	3
9688	6	2
7093	2
4383	9	3
7347	2
9597	8
1691	6	5
341	6
3642	8	3
4340	6
1928	4
9020	2
954	2
6249	7
2850	3
6405	2
6725	6	7
950	6	3
8721	2
1036	6
3913	8
2965	6	4
8184	4
6434	9
542	9
883	9
4323	4
9682	8	6
108	4
5311	4
7785	5
1097	3
7602	2	7
2979	8
3311	4	7
1257	2
9247	3	4
6336	5	9
6636	8	3	2
4720	6
6876	4
9033	7
46	3
875	9
109	6	5
4114	9	7	4
7850	7
4889	4
9174	7
5869	3	8
8797	6	3
9830	2
2388	5
2942	4
2250	7	9	5
9330	6
7262	9
793	7
7829	5
2240	6
9898	9	4
1237	3
8883	2	3
9092	6
5862	5
3183	6
5827	7	4
6202	6
4148	6
4169	2
4691	4
848	2
198	9
4726	3
9424	7
5343	2	8	4
5467	4
155	7
7789	8
2472	7
1457	7
6631	4
5729	9
5049	4
6684	2	3
2045	7	8
2270	5	9
5224	9
4140	5
2799	4	2
5509	8
3695	2
974	7
2559	2	4
2489	7
411	3
7651	4
165	8
8245	9
677	6
6730	2
3047	2
2537	6
4289	6
3103	7
3829	4
3526	8
5491	7	4	9
4386	8	2
6821	9
7197	3	8
2968	6
2855	8
3623	3
6542	4
5688	4	2
3994	6
3669	9	6
6090	2	9
4656	9
3801	6
4854	9
642	5	6
4401	9
2611	2	3
7443	4
5123	4
289	5
4863	6
9262	4
7154	6
450	8
2666	5	6
8001	5
7419	3
4592	3
7601	3	9
1583	5
1345	4	3
6052	3	6
7206	6
8356	4
8688	7
6790	3
1217	7
7878	3
4322	9	7
658	9
7109	5
3479	7
6695	5
6961	3	5
4689	7
563	8
87	8
3555	2	8
9268	7
7967	3
2910	5	6	4
4892	9
873	9
1984	9	8
8905	4	5
5009	8
4972	7
1388	5	6	8
4208	8	9
1833	5	7	9
4264	3	7
7832	9	8
3489	8
1037	2
89	7
3108	4
7331	5
2386	7
7994	2
799	6
2903	9
2297	9	2
9853	2
1232	8	6
1251	8
6439	8
1842	4
7020	2
3947	7
9386	8
328	8	3
6564	8
423	2
2093	2
4795	8
9943	7
5825	9	8
5691	9
9643	2
4933	9
2661	2
6797	8
9736	4
1335	5	6
7941	2
953	3
7148	4
6917	2
3624	6
2479	3
9339	2
5448	4
7095	4
7897	7
506	9	3
7430	8
9713	6
238	7
4724	3
5430	9
6488	7	6
1672	8	3
8226	9	6
179	9
9189	6
320	4
7872	7	9
4447	5	4
925	5
1634	3
976	6
4056	5
8566	5	4
5549	3
3686	3
3128	6
2776	5
4673	3
3650	9
2784	8
414	4
2026	5
8569	4
8369	3
5172	2
4910	3
2037	9
1198	2
2751	6	5
7896	6
5891	6
5112	3
4657	6
7075	9
7497	2
7756	7
7312	8
91	7	8
4120	9
2371	2
1990	3
2315	2
3349	4
4651	9
8153	6
4162	4	6
2340	8
6162	4	8
2963	7
8587	2
5210	5
6850	9
4397	4
8478	3
786	2
6171	2
8053	3
551	8
2736	3	4
2895	3	2	6
8457	5
1850	4
1022	6
5117	8
4982	5
7257	5	7
1449	2	9
8747	8
7682	2
3065	9	5
8088	7	4
5866	3	6
6046	5
490	3
3530	9
9885	8
2234	4
6906	2
20	3
3988	7
2550	5
770	7
6841	6
7375	2
3425	8	5
6441	3
7746	5
956	3
367	3
210	2	3
849	2	8
9175	2	6
7330	6
9890	7	2
6189	8
523	9	7
9706	5
3671	5
2071	5
1920	7
2824	7
3866	4
9743	7
8173	7
724	6
9523	2
5470	2
1917	4	6
3334	4
9801	3
7642	7
4928	4
9662	7	2
5790	7
9691	5
4081	2	7
4384	4
3403	4	8
9833	5
6158	2	9	3
6998	3
9580	4	3	6
5155	6	8
7363	8	9	5
5142	6
2125	2	5
4552	7	3
8298	7	9	2
3767	2
5209	5	6
8492	4
9720	7
8011	4	7
5146	7
3204	6
8410	8
679	5	4
2926	4
8304	6
4417	4
3938	9	5	3
8859	3
8116	7	6
5093	3	5
674	4
8795	9
4602	4
3874	9
4105	8
756	3
2419	3	8
681	5
110	4
3603	8
1038	9
1576	3
513	9
7943	6
1777	6	7
9782	5	3
2614	8
7082	4
600	9
7726	4	5
4435	3
4686	3
6217	2
7326	4	3
9740	8
6351	8
5120	8
5007	7
8175	2
2827	4
4286	6	4
4769	4
7863	5
5937	3
3142	5
5649	6
7539	5
1414	2
2195	2
7495	2
7523	2	6	3
2869	9	6	3
9042	9
6945	9
5690	4
441	4
3020	7	8
2809	4
2905	3	9
2577	8
3739	2
1948	4
6556	4
9124	4
9941	5	7
9724	4
7814	2
174	8
1099	9
7615	8
9080	5	3
8070	8	5
2038	3	2	8
3894	2	3
2604	6
2702	4
5796	7
5223	2	8
7185	2
1618	9
832	4
9848	7
1890	4	3
7465	8
481	8
5890	5
6874	7
7139	5
7928	7
9945	9	3
2369	6
2372	6
7520	4
6683	5
8895	3
1230	7	9
7403	3
8343	9
6208	8
1595	7
8809	2
6843	8
1908	9	4
7636	4	9
9225	6
9303	7
9267	4	6
4471	9
9087	5	4
4696	9	8
4295	9
7056	6
3723	2
9108	6
6375	3	7
5170	6
9016	7	9
4482	5	6
6290	3
9612	2
7633	9
3094	3
8208	5
6991	8
2553	2	6
2446	2
4440	3
1723	2
9472	9	2
6878	5
8195	8
3848	4
5055	6
8564	4	9
719	9
5424	7
1268	4
2652	5	6	3
1861	8
175	8	5
2242	4
5712	9	8
5462	2
5611	7
4320	2
576	5
4766	3	8
3040	8
1258	8
1422	2
8953	8
8225	5
8853	9	5
2852	3
3811	3	2
7468	4
3980	9
3888	6
9509	5
9104	4
8780	5
9496	8
1033	6	9
7040	8
7319	6	3
4920	9
4658	9	4
4275	4	9
4159	5
3790	8
6941	4
3653	2
9537	4
4626	4
1871	3
804	6
9098	7
2138	6
3727	2
1717	2
6305	8	6	3
5303	2	4	6
5352	9
8157	3
9803	4
8284	2
1341	9	8
2617	5
4717	4
9039	6
2052	5
6982	8
7478	2
4186	2
2343	3
6622	3
6392	4
982	2	6
4992	5
95	3
9440	9
7288	8
9641	5
8893	6
8044	4
1935	9
8475	2
8030	9
232	3
9828	4
5539	3
2041	9
3836	9
2494	4
3468	7
7663	5
4145	3
5099	2
1017	5	8
2082	8	3
5139	3
5940	7	6
2511	9
4321	9	8
4705	4
8778	2	5
4669	4
4134	7
1014	8	4
5732	9	8
9549	8
69	5
5180	3
4746	8
4193	5
2707	6
5677	7
415	6	4
52	3	7	2
3907	6
6326	8
1154	4
1751	7
6944	3
3621	4
587	3
5358	5
9236	3	2	5
6978	7
6971	5
3548	7
9326	9
6929	5
728	8	4
6124	2
1741	7
3897	3
9938	9
4668	9
2133	5
355	3	8
4518	4	5
6894	9
2811	3
9063	3
5173	9
5004	3	2
915	8
2551	7
7245	4	3
4137	5
9094	6
6267	4
7700	2
3705	3
1293	3	5
1951	7
2462	4
2261	7
3825	8
5617	4	6	9
6036	3
8848	4
7855	6
8339	3
3717	4
2774	9
3480	6
1452	3
2061	3	2
1905	7
983	2
5953	5	8
9805	8	3
1082	6
3212	3	9
3512	3	9
9310	3
3820	9
6566	7
4995	5
1491	9	6
2539	6
8858	2
8851	9
1673	9
9562	8
4290	5
519	9
7657	5
6128	3
1888	7
8571	8
4521	5	3
8579	5	3	8
4490	7	5
8161	4	3	2
7053	7
7060	3	6
2265	5
4775	6
9739	6
7708	2
297	5
4512	5	7
5582	4
7235	4	6
7482	5
1567	2
4100	9
5040	6
5609	5
2406	3	4
9049	4	3
7845	9
9316	3
1340	7	9
5466	3	5
6276	9	7
6465	4
8279	9
359	5
7802	7
7181	7
6077	8
2296	7
8125	3
3262	7
9410	9
287	8
5431	2
3019	8
4594	2	4
7123	4
8351	8	2
4155	4
1918	7
2885	4
8045	5
2263	8
3880	9
5705	3
3819	6
8427	5
7455	2
3078	3
3000	8
6649	9
6352	7	8
1885	5
1180	7
9948	5
4343	2
1149	2
6335	9	3
5861	9
6110	6
1477	3
1216	3
3763	2
9550	7	5
6423	5	6	9
3199	7
6238	7
4755	7
7090	5
1474	9
9429	6
8737	3
5108	2
293	5
479	8
9198	5	3	8
4378	7
5356	2	5	8
7301	8	3
5410	5
3085	7
8027	8	3
6380	7
2218	7
7533	3
2928	6
1438	2
5959	5	7
8092	7
132	6
4914	4
3902	8
3538	4	9
9712	3	8
1000	4
8300	8
8223	4
698	5
246	3
5438	9
828	5
3277	9	2
5934	2
4062	9
189	8
9601	6
4855	7
3665	5	6
5846	3	2	5
7283	6
960	7
379	2
1598	9
4009	2	3
4625	6
8095	2
9924	7	8
8008	7
7334	8
9144	9
6499	8
1274	2
2282	9	3
3817	8	9
3607	5
567	3
6574	6
4638	2	8
4912	2
9265	8	4	6	5	7
8450	7
1714	2
4292	2
2027	9
961	5	6
3462	3
5306	7
1681	3
9717	6	4
8066	6
5561	5
3502	5	7
967	9	8
9969	8
3786	7	5	4
8935	6	8
8538	4
7718	9
8551	3
8521	8
7103	7	6
2545	3
9432	3
6258	6
5909	8
90	5
4654	4	3
1897	2
9263	5	8
8863	5	7	9
3613	8	6
5872	6	5
2771	4
8951	6
5597	9	6
3871	2
3465	9
2767	2
4540	6
2724	2
133	3
4648	4
9114	7
6677	8
8222	9
2821	9	2	6
5864	3	6
545	8
2894	9
7721	3
7944	5
6424	7
7222	2
1819	4	6
2570	4
3111	3
9006	8
7883	7
5250	4
1282	4
1849	6	7
7012	8	3
5672	9	6	4
837	9	6
1596	3
9556	2	6
9142	6
4090	4	8
4283	8
1834	8
7831	7
774	4	6	2
436	3
2644	7
6754	7
9278	7
5023	5
5974	4
7908	2	4
9952	4
456	3
7364	8
8814	4
749	4
4357	5	8
5964	3
3558	4	2
1549	7
7024	3	6	8
222	6
928	4
5370	9
2837	4	5
9013	8	5
8667	2
4273	5
1565	4
3002	5
3879	6
5986	6	7
7857	3
9758	8	4
8670	2
2838	9
1425	7
9129	2
5923	8
8727	3	9
3564	8
1787	9
7068	5
9609	7	9
8213	9
8190	3
2333	7
3343	9
3095	8
5446	9
3399	7
1553	4	3
9942	8
9708	2
253	8
9998	7
6270	7
602	3
6578	7
8750	5
7988	6
9995	7
8364	2
2543	4
7084	9
4596	6	9
92	4
13	3
2831	3
4835	9
2156	6
3161	7	2
4095	6
4128	6
6346	4
7511	3
5321	2	9	5
5	9
4797	3
7113	3
5993	5
6582	4	8
3513	2
4840	3
9560	6
7329	4
9878	5
4317	6
158	5
7780	5
4704	7
4725	7
594	4	8
6127	2
5219	2	4
8980	8
2875	2
7512	8
8152	8	4
5941	6
9275	3
5050	5
2773	2
4718	5
3361	2	4	9
4634	6
7302	3
2284	4
5505	2	5	8
2271	3
4409	3	8
574	4
7433	4	8
4072	4
9777	4
7973	6
2647	2
7496	4	9
6862	8	5
4078	2
5088	2	3	4
6702	5	6
2506	5
2173	9
117	2
7436	8
6992	9
5630	4
7490	4
3220	6
7213	5	2
8805	5
3115	6
9464	3
1858	5
8235	9
1073	6
7625	7
6310	5
6312	9
4728	7
3949	7	5
9240	3
1372	6	5
9595	8
1057	9
8282	9
2099	7
2021	8
3270	4
7147	9
9663	6
1077	7
2796	4	6
9287	7
4917	3
2145	3
3635	8	4
2898	2	4
3454	4
5391	3
3662	5
740	9
2197	6
6263	4	8
6292	6
3835	4	5
3275	3
2925	4
3795	6
985	3
7096	2
5766	7
3043	5
1793	8
1065	2	3
2591	6
2641	7
7902	3
9127	8
631	3
6372	2
2847	8
4185	7	5	9	2
7782	8	5
8748	2
1769	9
8154	3
6201	5	2
7927	5
7039	9
9610	2	7
3340	8
2498	3
74	3
6836	3
4061	2
649	5	8
7715	8
7904	4	3	2
8729	5
8656	8	3
3878	9
8769	2
6559	6
8807	6	7
7252	2
7638	8
8247	4
302	4
296	2
5571	7	4
1142	9
8913	5
4067	5
9000	3
4935	5
6910	5
4838	8
8275	4
4329	8
6778	2
4154	9
3088	3	5
518	8	2
6366	5	7
4408	3	7
984	2
9367	9
3289	2	9
4334	4	3
4064	2
4461	7	9
4084	9
4074	2
7720	7
6197	3	9
1878	9
8866	6	8
4209	6
7548	7
9158	6
2803	7
136	6	8
5016	2
2516	9
4569	6
5005	9
8584	7
4390	7
7412	5
5442	4
4016	9
6226	8
3068	6
9028	8
8977	8
8252	5
8552	8
2444	8
7669	9
1145	9
4489	5
1383	9	3
5401	5
8458	5
4647	2
3979	3
4239	8
3198	6
1680	9
1910	5
5628	7
9001	4
9076	8
8374	9	4
9874	2
8017	7	8
6438	4
2092	8
9851	6	9
3377	3
797	5
4871	5
6275	6
8835	4	7
2213	2
5555	2	9
7632	8
7044	3
1346	6	2
9025	9
8759	4
9577	4	2	6
6385	7
4698	2
7955	7
7315	2
5746	2
6964	4
3309	4
6448	5
4949	7
8361	2
1837	2	4
1471	6
4621	4
3743	2	4	6	9
3816	4
5544	7	3
3793	3
3622	8
790	6
3135	6
4807	4	2
896	6
9832	8
4736	5
3741	2
9990	7	3
3131	7
5541	8	9
1347	5
3380	7
5036	2
9395	2
9737	6
2396	8
6747	5
8376	4
1054	8
3730	9	7
1336	2
1151	3	6
2322	4
6050	8	5
2603	7	2
282	2	3
138	5
1224	5
5206	2
3998	8
5521	3	6
7983	7
1189	4
3335	2
2818	3
5012	3
3397	9
801	8
5963	2	4
4757	3
5692	7
7698	4
6738	3
8147	7
5418	5
1045	8
6694	8
9793	4
5764	2
2389	3
7001	6
1601	2	7
4774	9
8437	2
259	4
3626	5
3017	3
5977	7
8815	6
1310	8
782	4
2131	7
1625	9
4002	6	8	4
3519	3
5885	2
1526	9
9732	2
146	2
7237	8	7
1946	7	4
9095	2
963	7	4
2433	8
3598	7
1932	8
9637	9
595	7
6801	2
1305	9
9012	9
4663	6
3072	5
2691	6
5886	5
5382	8	7
4695	7
2523	9
888	5
667	9
4313	7	5	8
3787	5	2
4012	3
5770	9
5719	3
5041	4
866	7
4017	6
7191	2
4873	3
3187	8
4785	7	8
3271	6
8550	3
1797	9
9289	3	8
4836	3
5285	3
6849	9
5324	5
2022	4
6779	6	7
7000	5
6606	9
6125	2
4287	9	5
7076	2
6150	5	7
7487	4	7
1354	7
665	8
6126	3
5107	8
7421	3
5365	3	6
6379	8
5928	3
5105	3
683	8
15	2
1178	8	2
3924	4
9894	6
5990	3
3754	8
5508	8
2241	4	6
6321	2
4523	6
7207	5
2003	2
637	6
1252	9
4550	7
2345	5
8817	4
1311	2
9397	4	6
7234	9
6653	6
9109	2
143	6
5169	5
1420	8
327	3
784	7
4405	5
1979	5
7518	5	3	4
7990	7
6809	2	5	6	7
3617	2
6584	8
5631	8	2
2927	4
7644	3
5371	7
4764	2	7
7680	5
9093	8
3383	9	6
9234	3	4
958	8
9786	2
8511	5
6282	6	5
7038	8
3776	7
6254	4
9220	9
9541	5
2499	7
6598	5	3	6
8407	8	2
3536	3	6
9979	9
7014	9
7178	2
6615	8
4606	4
9627	9
3965	3	2
4318	6
4240	4
7153	5
5718	5	3
3855	3
6185	5
5414	6
991	9
9971	2
9497	4
1050	5
30	8
8989	7
1993	9	3	7
544	7
2906	2
5422	7
3585	5	8
8392	7
4986	4
6482	9
3282	4
6470	8
9976	6
7873	7
2845	3
2044	4
9750	5
4539	8
9010	2
2629	5
4451	7
2923	4
4069	2	6
103	2
1721	8
5192	2
4235	5	9
7893	3
7196	8
4231	2
1657	8
7429	9
1349	3	2
9781	2
1468	3
7370	9	5
6225	3
6534	6	3	9
7691	5
9879	2
9505	3
1912	9
7032	3	8
1624	4	6
5025	6
8602	6
7470	4
9357	5
9166	4
4248	8
612	6
5063	5	3
7011	4
8865	4
850	8
4396	5
6173	6	3
2951	7	9
8151	6	5	9
5232	5
3995	5
3761	8	4
2006	6
1533	5
6420	6
3487	5	9	2
5528	6
6948	9
5484	4
4160	8
9629	9	4
2199	2
6782	4
8766	4
846	3
7425	9
684	3
6101	2
6303	4
5646	7
9051	8
822	9	5
703	9
798	2
9313	2	7
706	2
9355	9	5	8
4649	8
4858	5
4708	3
6107	3
530	6	5
3982	5
280	8
8357	3
4896	4
4470	9
4878	9
1620	8
93	8
6543	6	2
8166	4
2272	3
1790	9
4699	2
8507	2
239	7
1877	3
8266	6	8
9185	2
1584	8
680	3
6015	6
6215	5	7
9684	5
2480	9
6159	2
7786	4
5460	6
6521	8
5748	7
3407	9	3
3109	3
5889	5	3
4939	9	2
8370	6	8	7
8969	5
5987	5
2426	8
3485	7
4904	2	8
6817	2
4714	6
353	7
5341	5
1712	4
686	6
9800	4
4583	8	7
615	6
865	3
2017	4
1989	2
8699	7
6182	2
932	4	6
3898	9
4971	5
9482	4	8
5300	8
6881	7
9571	8
5236	6
7284	7
5284	7
8379	5
4635	3
6570	2
515	2
1363	2
6395	8
3826	2
606	6
2944	7
4018	7
62	6
4104	9
2668	7
8973	7
7303	5	6
8169	8
3066	3
1426	7
634	8	5
2247	7	4
3589	9
7457	3
1056	8
1978	9
4825	5	7
6721	5	9
6278	4
3658	8	4
6591	4
8972	9
5902	8
4709	4
6157	6
9057	3
4333	2
6113	9
7934	4
7261	3
9822	4
406	7
9675	9
6511	3
1733	8
4394	3
7968	3	4
2528	5
1647	8
9613	2
124	5
1059	5
8694	7
1697	7
3701	3
1739	2
945	7
5179	6
1445	3	9
1350	4
9182	2	6
7469	7	2
3844	6
4486	4
2924	7	4
9955	6
8530	6	7
2141	2
3394	4
9018	5
2813	6	2
7762	2	7
3369	8
8829	5
1360	2
8426	3
6919	2	3
3206	6
7401	3	8
9271	2
7345	9
8828	7	5
2556	4
981	2
1663	3
3927	3
6235	2
7683	5
7875	6
4355	4
7714	9
2716	7
7	4
6338	3	5
5482	6
4677	6
4222	9
8348	4
2915	5
5177	2
8643	3
2709	3	7
5218	8
4981	6
426	9
8657	9
898	6
1851	4
843	8
6537	7
2658	9	4
700	6
9176	4	3
4999	7
597	2	3
8611	3
6060	5
9661	7
9159	2	7
464	5	2
6880	4
4431	2
1874	8
163	8	2
3697	7
3442	5
5583	4
2761	5
111	3
5694	3
5873	5
6131	7
412	7
6331	2
7049	7
4479	9
3960	5
8168	7
9991	4
1520	2
462	5
3827	8
4144	7
8360	5	4
2558	8
1703	8
7526	7
5744	6
9939	8
7660	6
7256	5	8
6525	7	3
6315	6
4930	7	6
6088	8	5
7537	9
1493	8	6
9907	5
9693	2
4777	6
3395	5
3431	5
578	2
2441	3	5
5053	6	9
9015	2
7862	6
5608	6
2769	2
1954	7
1813	2	4
8329	3
7926	5
3901	3
4184	2
8962	5	6
4650	6
1899	4
4901	3
8130	2
1599	4
9570	8
5806	6
8852	7
3360	3
3633	7
2717	3	6
8432	2	8
6280	4
6652	8	4
7378	2	3
9756	4
5816	8
9734	7
8086	4
306	4
2503	7
1467	9
1209	6	7
593	9	8
2464	8
2023	6
3466	3
5565	5
9436	6	9
9007	9	7
6317	7
5537	5
9269	3	9	7
2243	2
4166	2	3
9944	8
5983	6	9
5124	4
8420	6
8430	7
6319	7	9
687	8
3299	6	3
1735	5
5739	7
8932	5	2
9401	5
868	4
7127	5
2891	6	9
8867	4
2162	3	5
3824	2
7603	8
1386	7	4
2221	4
8428	9	6	3
5283	7
3172	5
7480	7
4370	3
7677	4
5057	7
2993	7	2
8605	6	5
6812	9	6
6005	9
7671	7
8131	3	5
3069	2
7812	9
5908	5
3518	6
295	2	9
7143	5
8763	2
7626	3
9214	2
2745	5
3639	9	6
6567	9
8821	3	5
7673	7
6887	7
5368	6	4
3218	8
6602	9
6047	4
2209	4	7
6178	4
2230	4
6768	6
5144	5	4
9854	6	4
3333	8
3248	2	3
4945	5
4135	4
5847	2	8
2982	4
3104	4
53	8
290	5
9980	8	9
2008	4
2330	8
2049	5
6013	7	5	4	9
5092	6
1719	4
294	2
6061	4	6
299	4
8003	7
1945	5	2
3368	9
6512	9
9984	8	7	3
3803	7	5
1478	5
8518	9	3
7755	8
905	7
4622	6
7499	6
9502	6	4
2819	6
6590	7
8305	7	8	6
3610	4
7434	3
7764	7
9973	9
4216	4	3
496	3
5713	9
2058	7
676	3
4897	9
661	2
264	9
6444	7	3
7500	8
7450	3
4790	5	6
3222	9
7464	4	2
3082	7
5425	7
100	6
9293	2	9
2607	2	7
7183	9
7101	8
3238	2	8	5
2884	6
1235	3
5733	4	8	9	6
1111	5	2
5246	3
1941	8
6597	9
4047	8
3847	5	6	9
1161	5	3	7
1971	4	6
2344	6
5403	3	4
4170	8	6
1788	3
1071	7
5380	8
8910	3	7
1707	3	2
9671	5
376	8
5485	9
6549	5	2
8060	5
2922	4	2
7504	3
5011	5	4
2701	2	4
3005	5
5487	6
6175	9
9435	3
6167	6
5492	3
3870	9	5
8383	3
8876	6
5834	5
3737	6
2030	3
7125	8
5017	6
2274	5
2287	5
3287	3	7
6609	2
2246	8
6810	8
6021	5
9846	3	4
8050	4
5720	6
758	5	2
7740	6
5086	6
5337	9	2	3
4450	4
2937	4
6577	6
1405	4	7
4996	7
3777	5
2871	7
4059	7
4503	4
2931	9
4010	3	7
4589	3
5373	6
274	5
1816	4
7114	6	9
3680	7
8810	9	6
6765	8
5114	4
8855	8
9840	8
5242	9
1272	2
9760	8
6722	8
2681	2
4210	5	2	3
4445	4	2
5042	3
7176	9
4943	9
2155	4	8
4778	6
3492	8
9151	6
8760	9
8783	6
3709	6
8664	8
5668	2
5929	3
9	7
1205	3
8570	7	8
3735	5
8101	6
3882	8	5
2955	8
6000	6
5772	8
8403	4
9730	6
2486	7
3909	7
6901	9
8626	7
6497	5	6
8946	9
4053	2
2124	3	9	7
4454	5
3748	4
5967	5
2518	7	8
8246	5
1758	6
9779	5
2126	5
9672	4	7
8923	5	4
6967	6
2909	3
6357	5
8701	3
811	5	2
7976	6
4229	6
8877	2
5397	3
6406	9
2546	2
2233	4
1433	2
413	4
6774	8
4936	9	5	7
6918	2
9110	4
2163	8
1024	8
4988	7
6370	9
4197	3
4570	7	4
8540	6
5879	6
2908	6
5101	8
3861	4	8
4226	4
6551	5
4572	8
8110	3
8046	3
3281	7
8318	8
8404	8
4425	9
3591	4
5295	5	7
6480	5
2512	6
5259	4
3728	2
7907	5	9
279	8
7409	5
1212	7
5067	4
2764	3
2594	8
4119	4	2
2019	5	9
541	2
8090	3	9
7736	6
7424	2
5251	4	9
469	8
6386	8	7
4080	9
2639	3
6883	4
1800	5
7667	6	8
5379	4
5095	5
4670	4	6
6842	2	6
9284	2
4204	9
4399	4
2269	6	5	4
6431	9	7
4653	2
5044	2
8013	8	7
8627	9
7481	7
3317	9
9181	2
4707	2	3
7491	2	5
9774	2
7778	4
4963	3
4459	9
1300	6
8888	7
6429	9
3557	4
6044	2
7306	4
8350	6	9
1987	5
6667	8
2752	2
6510	8
8107	6
735	2	5
4246	6
7563	8	4
6059	7	4
9701	8
1177	9	2
1613	5
5122	4
3672	8
2843	3
6783	4	8
920	2
321	9
9392	4	6	3
4298	2
6516	3
3363	9	4
9223	8
4472	5
1064	8
1328	8	2
2566	8	2
4588	6
2311	4
9122	4
6977	9	5
7597	9	6
4477	3
6827	2
3079	3
445	8
5062	8
2860	5
9107	2
3274	8
4839	8
495	4	3
6799	9
9847	2
6266	9
1117	2
2747	3
3022	5
937	3	4
8779	9
9412	5	4
6399	7
623	4
4827	8
7727	9
4953	2
9776	6
839	8
5602	6
7390	6
2768	2	7
7524	7	5
6384	6
5338	7
1875	6	8
6099	5
4613	8
6483	6	5	3
1488	9
3887	6	3
6080	8
1412	9
1927	5
2451	2	8
8271	3
2238	5
4233	4	8
5656	5
7063	3
6925	2
5911	8
3774	2
5369	2	9
7407	9	4
9381	9
4616	3
1615	4
2000	9
4082	2	7
8886	4	9
2575	7
2524	6	3
9518	6
7766	4	7
3968	7
8394	8
7547	5	8
9318	4
5809	2
4250	4
6104	5
1283	6	4
5884	2	7
5135	3	7
3514	7
4324	6
1696	8	9
5083	3
765	6
9970	8	3	6
3692	8
9666	5
5854	8
972	8
4173	7
9196	9
3114	2
829	5
9960	2
1684	3
5514	4
4098	5
8317	3	5
1531	8
4868	8	6	7
9638	3
9363	7
9400	8
208	5	8
4532	6
1503	9
5982	5
4255	9	8
9295	4
1792	9	2
6463	8
7324	3
2812	3	2
6400	6	5
8792	3
6058	2
863	3
7775	6
1330	2
6913	5
3140	5
7801	6
19	9
8115	4
2215	8
9804	3
2695	3
4553	6	5
1814	3
8306	9
7723	6
3494	9	8
4822	6
9634	9	5
8781	2
7972	3
4037	9
4424	4
2718	5	4
1402	2	7
1171	5
8221	5	7
9050	3
8843	5
1803	8
9901	3
6611	6
2177	7
6203	5
5472	4
9922	5	7
4640	2
8720	3
2142	6
3164	5	6
5812	8
9125	4
5598	2
1506	9
4274	8
7730	6
1146	9
710	6	5
23	3
9719	2
5244	5
1791	9
1163	5	4
807	6
3873	7	8
5280	6
6066	6
891	7
5163	9
7635	4
1278	6
8833	4
2972	7	3
2295	8
647	7
392	8	4
5364	5
9361	6
2148	2
2808	5
4030	6
5635	8
2190	2	9
4515	9	3
4665	7
7449	4
116	6
715	3
722	3
4354	7	6
8713	2	6
335	3
5689	3
8272	5
1498	6
6562	3
7803	8
8702	5
5469	3
7805	2
5376	7
1635	9
5010	8	4
9831	8
4483	6
4815	9	7
401	4
2606	6	3
2864	3
7318	9	5
1487	3
7722	9
6269	8
5721	8
4568	3
1771	7
3498	3
2443	9	2
7231	5
6924	4
2514	3	4
6869	8
6930	7
1085	4	6
127	2
1782	8
8782	8
3456	2
6154	2
8957	5
7690	4
6814	6	8
2063	6	8
9868	6
5323	3
2608	9
5976	8
7639	4
1915	3
3254	2
4126	6	9
334	8
1968	5
8004	2
1203	4
8734	4	7
7458	2	4
7169	2
9097	4	7
275	6	9
7348	4	9
3015	2
1919	6
975	7
4684	8
364	5	2	3
904	7
783	6
4729	3	2
6129	3	4
8354	5
1626	5
8103	8	6
9356	3
5969	8
5171	8
8068	3
5710	8
8381	4
4687	2
9246	2	6
112	5
5973	5
7167	7	4
4867	2	7	6	8
4258	2
5301	5
4348	6
8997	8
610	4
872	9
8324	6
8363	7
214	3	5
6879	7
5888	7
3867	5	6
5182	6
4312	3
1662	8	2
5235	6	9
5506	7
5863	8
5094	8
7110	9
9999	9
4538	6	3
8630	6
6696	8	7	2
7735	4
2005	2
708	7
9473	8	5
6148	8
5743	5
6668	8
2625	6
6860	4	6
949	6
8896	9	4	3
3957	9
7043	3
8839	7	9
6627	4	9
1186	6	3
9619	2
9499	9
3470	3
2381	4	2
5381	8
7344	3
5971	8
2783	5
3963	6
2710	7	6
2960	8
7017	3
9826	5
1745	2
7856	7
6433	7
2323	7
9307	7	9
5118	7
48	6
1052	4	9
6221	6
6933	8
7594	5
3685	5
6639	6
1569	5
4998	9	7
9231	2
5562	8
3515	8
601	6	7
8204	5	6
167	4
6401	6
3768	5	4
26	8
6950	7	5
6143	9
6886	3
3160	7
8804	4	3
7521	7
7695	3
4125	2
8085	3	2	4
5641	7	5	9
2130	6
480	9
8299	4	5
4164	4	3
7915	7
8422	8
8673	9
2839	6
5034	4
2147	8
3588	7
9285	3
8320	7	6	3	5
3899	3
4567	9	2
4296	4
6452	5
5701	7
5000	5	7
6063	9	8
4576	9
3246	7
8211	5
2349	7
6467	9
5161	7
9123	9
207	6
7078	7	2
3415	9
9261	9	8
8636	8
6858	2
7997	3
1309	7
526	7
5898	5
5604	6
1507	7	2
6612	9	5
3139	8
9559	5	8
3168	5	4
548	2
4267	7
4958	7
153	7	3
5066	7
8933	9
7637	4
8452	5
4498	4
7466	9
8791	5	3
9696	2
525	6
1023	8
5140	8
4478	9
4994	5	8	9
7292	7
6409	8
8506	9
3747	5
3195	7
1434	9
4356	3
1528	5
4803	5
9136	9
5915	9	6
6009	8	3
1417	8
1	4
1525	9
8751	3
4776	8
2730	6
2101	8
5566	3	2
6322	8
5589	8	5
3205	6
887	8
1067	5	8
7309	6	9
3118	9
3740	7
7073	9
9959	3
4767	4
4266	2
9328	3
2458	6
4713	6
4071	2
3644	5
197	4
7540	2
5273	5	3
9342	6
707	7
7620	7
5271	9
8108	8
9250	2
1628	4
5350	2
9625	7
2712	4
4025	3	7
5111	3
9746	8
7247	9	8
407	9
8412	3
8413	6
9062	5
205	5
6402	8
3889	9
2024	9
4342	6
1225	4
7783	4
4549	7
780	6
805	5
5758	8	7
3132	7
4520	8
5292	3
5670	5
3024	8
492	3
2596	9
8425	8	3	2
7826	4
1392	7
2065	5
9192	2
9584	2	6
1501	6
3447	3	8
6873	5	7
5282	7
4620	5
1378	4
1513	5
6472	4
3905	4	3
6693	9
5530	7	3
7192	9	7
8840	5
1661	3
5610	8
8891	2
9306	8
5503	2
9105	3
2025	8
7924	3	6
3920	3
6706	9
1005	7
1828	9
9561	4
4238	3
9471	5
7086	8
8398	4
1480	9
7884	3	4
9681	9
5440	4
2087	4
5145	5
9993	4
2613	3
9024	6
27	8	3
5634	4	8
7158	9
7141	5
1307	7	3
2990	9
592	7
2676	6
8499	7
7965	7	8
5247	3
951	2
3449	9	4
5765	8
1201	5
478	5
7852	3	7
659	8
8443	8
5336	7
384	3
7373	9
7938	3
4033	2
6454	2
3516	4
7881	6
7072	5
7557	4	6
1199	2
6325	9	7	4
1556	9
7382	2
6486	8
9742	4
9032	8
4742	7
4579	6
8493	5
5525	6
7379	6
1730	8
9228	7
1280	8
3418	4
8753	7
2475	3
4311	2
6899	5	9	4
2332	2	6	5
9350	8
4600	4
8950	7
1505	7
2279	5	3
3985	3
3906	8	9
1101	9
5116	7	9
7369	5
6610	2
444	5
2048	6	7
6004	5
3338	7
4578	9
2467	4	3
1860	7
6169	7
7201	7	2
3599	4
2256	8
2430	3
1980	6
4124	8
2275	6
1084	8	3
5684	9
2692	4
1609	3
4859	2
5137	6
8294	6
7619	8
1720	7
5483	7	9
7151	8
2859	9
997	3
8706	9
9932	5
9216	8
5428	3
1824	9	5
119	4
7704	5
8239	8
3883	7
9547	2	7
8262	2	5	3
6946	2
7681	4
7684	8
5832	5
4771	6
43	2
4268	8
6085	2
9164	4
2683	9	3
9645	3
1466	3
5703	4	7
2374	2
1408	9	3	2
6432	7
5490	7
7843	2	5
7981	5
2477	4
1321	4
8617	8
8580	6
9586	6
5153	6	7	8
8295	4	8
7678	6	7
1887	4	5
4452	9
7460	7	3
9043	8
9141	6
8118	8
6518	7
3506	4
5913	5
9118	9	3
3125	6	2
2137	4
6846	2
2064	4
2264	3
5129	3	7	9
2781	3
926	8
9061	9	4
9207	5
2359	2
3063	3
6657	9	4	3
1415	9
2580	7
4365	6
7711	6	7
2795	3
4644	4
8572	2
4535	4
5904	3
7847	2
6096	4
2547	7
9683	7
3323	7	3
911	8	7
1578	7
5248	8
2599	8
5917	2	7
333	7
4048	9
9224	4
8328	3
3578	8
261	5
5426	3
6340	5
8438	9
5661	2	5	9
3460	3	8	7
3064	8	5
8241	4
6427	4	9
1587	4
7258	4
3746	2
6826	5
3100	7
2586	5
1291	6
8824	6
9524	9	4
5297	3
4153	3
4938	2
1722	3
7853	2
4014	2
7061	7
1301	3
2690	7
8393	3
9552	7
4480	6	3
9046	9
47	2
4685	9
4941	3
2525	5
1866	2
7010	6
4109	5
8696	6
3625	2
8207	8
1931	9	3
854	2	6
1882	6	7
6505	7
4842	4
8678	6	9
9767	2
556	4
9557	2
8816	4
1518	7
6854	9
1096	2	3
3759	2	8
6927	9
4676	2
7406	4	2
8228	7	6
4087	3
5650	7
7461	7
75	4
7170	6
2760	9
9616	9	8	3
8547	4
6246	4
5468	9
6219	5
6240	9
1133	5	3
5340	8
7971	3
4758	5
7225	3
1633	8
5274	7
9987	7
6464	8
6412	2	8
349	5	2	6
6742	7
3477	4
7956	6
7323	9
8327	2
9465	4
1173	4	3
5667	2	8
5802	9
5085	4	3
4805	6
2995	9
9113	3	2
3475	7
3337	2
1826	5
4142	9	2
3150	2	3
9615	7
5638	9
7629	5
6207	8	5
9206	5	6
955	9
8665	6	4
5728	3	8	5
8690	4
2637	8	5	2
8591	6
101	2
6156	5	2
4667	6
669	2
4245	8
8777	2	9
5553	3
1870	5	9
664	4	2
1218	4
9727	7
173	7	2
6504	5
9405	3
5495	6	8
8297	4
6231	6
3596	6	4
6421	4
2416	4	7
1382	5
6078	3
9130	8
6272	7
7905	5
5307	6
1241	3	5	7
7133	8
1497	3	9	6
7898	4
6376	5
3099	8
8477	3	8
1552	9
6643	8
4574	8
8871	3	4
9498	3
5417	9
217	5
9054	4	3	2
148	8
3918	2
3328	9	8
2998	7
271	4
1636	9
1740	8	2
4947	2
2004	2
272	4
251	6
7822	4
3749	4	5
164	4	2	5
9438	8
1825	4
6820	7
2600	7
3127	7
7591	7
4617	7
512	6
8301	7
2260	3
5794	3
2826	6
5032	3
6418	7
285	8
9631	8
660	5	7	6
1074	8
5880	3
8267	7
1940	9
4547	9
7996	7
2873	3
4831	3	5	2
3699	4
4050	8
7688	6
6485	7	9
4891	3
1909	7
1655	7
1261	8	4
310	2
4117	4
3428	8
5850	2	6
6390	2
2205	9
3185	7
6095	8
5413	2	5
8689	7
1748	5
1126	4
6715	3
835	9
8188	5
8629	9	8
8987	3	4
5258	9
3457	4
5496	9
8502	4	3
86	6
2350	5	4
4806	8
2802	7
9650	9
5432	7	2
7473	3
8411	7
7333	3
7091	4
1843	5
4829	3
8964	8
9337	3
2536	9
6030	4
4232	9
8435	2	5
6008	4	9
6952	8
4457	4
1829	9
8773	6
483	8
7385	5
5954	5
2901	9
1030	9
6752	8	6
7008	4	8
1536	9
2853	7
1114	9
978	4
4505	4
8209	4
2402	8
3865	9	7
7728	6
6565	4
3421	6
1075	5
8414	2
7416	6
6630	7
626	9	6
3215	4
5512	4	6
4236	6
4177	2
6057	8
6073	3
5493	2	8
5127	2
9304	2
4615	9
5936	7
130	3
3890	4	6	2
6589	7
9632	6
825	4	7
7536	8	9	7
9463	7
3993	8
8746	9
1118	2
8546	7
9946	8
3042	4
8620	8
7013	3	4
4158	5	4
1802	4
6134	8
5682	3
8451	4	3
533	9
6339	9	5
6045	3
6679	9
814	4	8
5052	8
3935	5
8857	4
857	7	5	6	8
9836	9
2595	4
3075	2
6284	7
2152	2
9695	7	2
105	5	4
6020	5
6711	5
4306	8	3
7501	9
8642	3	7
1011	2
2638	3
6634	2
3390	6
919	6
3765	8
3393	8
3144	2
4315	7	2
2347	2
72	8	9	5	2
9714	6
5621	2
5922	4
3223	7
4127	7	3	6
3614	5
6532	9
3568	7
3119	9
5877	6	4
9168	4	3	8
4603	5
2663	7
5087	2
1678	2	9
2889	9
9462	9
7325	8	4
6264	6
8159	7
6990	8	9
2958	6
7888	5	9
701	3
1262	9
8264	2
8827	2
6882	4
6903	8
7281	9
8216	2	9
1447	5
5813	8
4961	8
7005	2
5445	2
3922	8
4373	4
3315	4	8
2989	9	2
577	2
6342	6
3241	2
8666	7	6
4819	2	7
9204	8
4507	8
2266	9
6358	2
2920	4	9
3757	2
6605	5
9437	3
9856	5
3097	2
4817	9
1510	6
5266	7
9951	6
913	8
772	5
4895	9
4860	5
9834	7
4798	4	5
5074	6
2565	9
427	5	2
1032	7
4138	9
365	2
2946	4
4042	8
609	9
3959	3	7
4886	5	7
5198	6
8052	8
1318	3
1366	8
9508	8
9344	6
9755	9
613	5
2028	8
5948	2
9391	9
2391	6
7354	9
4353	8
8996	4
4624	7	4
6691	9
5637	8
1499	6
3197	6
8660	6	3	5
4967	2
2077	6
3087	9	3
6447	5
4721	6	8
5420	7
5310	2
6904	3
3438	5
4261	9
7515	8
7699	9	7
7510	7
1889	9	5
3814	8
1140	9
9839	6	2
6507	6
8628	2
9799	6
8555	5
1379	7	9
6656	7	6
2815	9	4	6
4309	3	4
1409	2
6773	6	4
2755	6
8794	8
9538	2	8	6
5453	2	5
6704	7
4360	2
651	6
1119	9	4
9173	5
2394	3
2974	7
5443	2	3	7
73	4
1441	7
7824	6	9
5874	8	6
2932	7
7634	4
3609	4
9064	3	7
8641	8
2502	4	6
3253	2
3184	4	8
2159	3
5883	2	8
6250	2
6845	7
5658	5
9904	4
216	8	3
9258	7	6
1914	5
5404	3
785	8
990	3
6922	6
9084	9
9534	5
9048	6
2980	8
5458	7
3990	8
3939	4
3011	2
8074	5
383	7	3
4466	3
6230	8	4
8940	3	4
4631	2
3486	2	4
4502	8
7858	3	6
8423	5
3446	8	4
1105	4	3
1839	2
8015	3
1981	7
7716	5
7445	6
2094	3
2552	2	7
7513	7
7797	2
3715	5	6
4987	9
4509	6
8488	6
8762	4	7
3856	2	9
2047	4	5
24	7
7135	2
7026	3
64	5
943	8
3750	6
7150	3
9511	5
2542	4
5396	9
4787	4
9466	5
270	6
8881	5
4079	6
7806	3	7
4551	8	2
7969	6
3729	6
4013	6
1995	5
6241	3
2319	3	2
8400	4
7447	9
2814	3
9875	9
3954	5
9654	7
3628	6
7077	5
2078	9
3839	8
9809	8
4800	8
3779	5
9434	2
2192	6
4529	9
3276	2
5989	3
8431	8
2308	2
4990	9	5
8515	5
7046	3	9
8703	7
9966	4	8
4051	8
432	4	6
8471	2	3
5408	6
8375	6
1332	4
1570	6
3074	7	3
9075	4
1472	5
2699	9	5
9221	7
7289	8	4
8799	7
6394	4
8466	3
8446	7	6
1115	7
2961	4	9
9829	4
2723	3
995	2
4089	8	6
652	7
6515	5
9685	3
7290	7
6251	6
9457	9
9921	5	6
4652	8
2418	3	5
6289	9
820	2	4
9215	6
3044	5
5740	9
4168	2
6953	4
1575	4	5
2874	7
5636	3
5078	7
7650	3
1182	3
1167	3
7260	6
5820	6
1644	6
5296	7	5
9753	6	5
9270	5
934	8
2002	7
7849	3	8
2383	9
617	5
4876	6
6268	3
3738	8	9
3153	6	2
4919	3	8
4710	9
696	8
3416	5
4038	4
3422	2	4
8016	5
8429	6
9646	3
6271	6
2775	3
2940	8
5568	9
4026	7
6877	9
7035	5
3166	3	8
2571	4
1574	2
6277	7
8289	5
2104	3	8
3838	2
7224	3
6259	2
3240	7	5
9340	9	3
9375	4
9082	2
9408	8
6746	9
5560	2
6699	2
2229	2	7
1772	8
1080	6
1362	2
1411	9	7
7569	8
6923	8	9	3	7
1231	6
3745	3	4
5262	3
6687	3
3116	7
22	9
580	9	3
3057	2	8	5
4044	9
4740	4
5563	3
7193	8
8302	9
1375	5
2573	8
8757	5	9
2193	6
8482	2
682	6
3490	5
5079	9
5925	3
5878	6
7653	6
7067	7
1853	9	6
7182	6
4330	6
1358	3	4
8749	5
8100	8	4
3736	4
9710	7
8983	6
7527	8
9598	8
8018	6	9
8954	8	2
9621	6
8576	4
2208	2
2280	8
1431	7
3584	5
2667	2
6069	3	7
5992	6
8745	5
7251	3
9893	7
654	8
9911	9
4139	8
946	8
7488	6	8
6705	4
6359	7
9347	2	3
8830	6
1429	7
3188	7
1273	6
6749	5
4853	9
3612	2
9455	7
6209	7	9
8922	4
2012	4
4410	8
3036	3
2753	2
4272	9	3
2999	5
8991	7
9965	2
9343	7
6329	8	7
7939	6
7661	6	7
1757	3
1702	4
4487	5
1219	6
4900	3
3789	8
9897	5
821	4
2588	2
1582	5
5287	7	3
4536	5
7813	4
4023	7
7546	5
2789	5
307	3
9320	6
6726	4	9
